{"vertices": ["Caloura", "Piscinas Naturais de \u00c1gua de Pau", "N\u00facleo Museol\u00f3gico Mercearia Central", "N\u00facleo Museol\u00f3gico da Casa do Romeiro", "A Casa do Abel", "A Casa Do Abel"], "edges": {"('Caloura', 'Piscinas Naturais de \u00c1gua de Pau')": {"distance": 0.008357032966310124, "min_speed": 1, "max_speed": 60, "orientation": 2, "pedestrian_time": 0.0016714065932620249, "car_time": 0.00027400108086262704}, "('Piscinas Naturais de \u00c1gua de Pau', 'Caloura')": {"distance": 0.008357032966310124, "min_speed": 1, "max_speed": 60, "orientation": 2, "pedestrian_time": 0.0016714065932620249, "car_time": 0.00027400108086262704}, "('Caloura', 'N\u00facleo Museol\u00f3gico da Casa do Romeiro')": {"distance": 0.007220110802471961, "min_speed": 1, "max_speed": 60, "orientation": 2, "pedestrian_time": 0.0014440221604943922, "car_time": 0.000236724944343343}, "('N\u00facleo Museol\u00f3gico da Casa do Romeiro', 'Caloura')": {"distance": 0.007220110802471961, "min_speed": 1, "max_speed": 60, "orientation": 2, "pedestrian_time": 0.0014440221604943922, "car_time": 0.000236724944343343}, "('N\u00facleo Museol\u00f3gico da Casa do Romeiro', 'N\u00facleo Museol\u00f3gico Mercearia Central')": {"distance": 0.05856551886562951, "min_speed": 1, "max_speed": 60, "orientation": 2, "pedestrian_time": 0.011713103773125903, "car_time": 0.0019201809464140824}, "('N\u00facleo Museol\u00f3gico Mercearia Central', 'N\u00facleo Museol\u00f3gico da Casa do Romeiro')": {"distance": 0.05856551886562951, "min_speed": 1, "max_speed": 60, "orientation": 2, "pedestrian_time": 0.011713103773125903, "car_time": 0.0019201809464140824}, "('A Casa Do Abel', 'N\u00facleo Museol\u00f3gico da Casa do Romeiro')": {"distance": 0.05865705413673944, "min_speed": 1, "max_speed": 50, "orientation": 2, "pedestrian_time": 0.011731410827347888, "car_time": 0.0023002766328133113}, "('N\u00facleo Museol\u00f3gico da Casa do Romeiro', 'A Casa Do Abel')": {"distance": 0.05865705413673944, "min_speed": 1, "max_speed": 50, "orientation": 2, "pedestrian_time": 0.011731410827347888, "car_time": 0.0023002766328133113}}, "mapa": {"Caloura": {"Piscinas Naturais de \u00c1gua de Pau": {"distance": 0.008357032966310124, "min_speed": 1, "max_speed": 60, "orientation": 2, "pedestrian_time": 0.0016714065932620249, "car_time": 0.00027400108086262704}, "N\u00facleo Museol\u00f3gico da Casa do Romeiro": {"distance": 0.007220110802471961, "min_speed": 1, "max_speed": 60, "orientation": 2, "pedestrian_time": 0.0014440221604943922, "car_time": 0.000236724944343343}}, "Piscinas Naturais de \u00c1gua de Pau": {"Caloura": {"distance": 0.008357032966310124, "min_speed": 1, "max_speed": 60, "orientation": 2, "pedestrian_time": 0.0016714065932620249, "car_time": 0.00027400108086262704}}, "N\u00facleo Museol\u00f3gico Mercearia Central": {"N\u00facleo Museol\u00f3gico da Casa do Romeiro": {"distance": 0.05856551886562951, "min_speed": 1, "max_speed": 60, "orientation": 2, "pedestrian_time": 0.011713103773125903, "car_time": 0.0019201809464140824}}, "N\u00facleo Museol\u00f3gico da Casa do Romeiro": {"Caloura": {"distance": 0.007220110802471961, "min_speed": 1, "max_speed": 60, "orientation": 2, "pedestrian_time": 0.0014440221604943922, "car_time": 0.000236724944343343}, "N\u00facleo Museol\u00f3gico Mercearia Central": {"distance": 0.05856551886562951, "min_speed": 1, "max_speed": 60, "orientation": 2, "pedestrian_time": 0.011713103773125903, "car_time": 0.0019201809464140824}, "A Casa Do Abel": {"distance": 0.05865705413673944, "min_speed": 1, "max_speed": 50, "orientation": 2, "pedestrian_time": 0.011731410827347888, "car_time": 0.0023002766328133113}}, "A Casa do Abel": {}, "A Casa Do Abel": {"N\u00facleo Museol\u00f3gico da Casa do Romeiro": {"distance": 0.05865705413673944, "min_speed": 1, "max_speed": 50, "orientation": 2, "pedestrian_time": 0.011731410827347888, "car_time": 0.0023002766328133113}}}}